auxFraction,f1,precision,recall,targetFraction
0,0.02707749766573296,0.02707749766573296,0.02707749766573296,0
0,0.05695611577964519,0.05695611577964519,0.05695611577964519,0
0,0.06022408963585434,0.06022408963585434,0.06022408963585434,0
0,0.02707749766573296,0.02707749766573296,0.02707749766573296,0
0,0.07239607659971976,0.07239607659971976,0.07239607659971976,0
0,0.06862745098039216,0.06862745098039216,0.06862745098039216,0
0,0.041549953314659195,0.041549953314659195,0.041549953314659195,0
0,0.1465919701213819,0.1465919701213819,0.1465919701213819,0
