auxFraction,f1,precision,recall,targetFraction
0,0.022947948527962277,0.031140317529706626,0.047365464876993675,0
